Workbook

Sheet Dashboard
A1: FetchMaker Dog Matching — Analysis Dashboard
A2: Interactive spreadsheet companion to the Python/Jupyter analysis. Yellow cells = key assumptions or results transcribed from rigorous Python tests. Blue text = editable inputs.
A4: KEY PERFORMANCE INDICATORS
A5: Sample Size | C5: Breeds | E5: Overall Rescue Rate | G5: Historical Benchmark
A6: 800 | C6: 8 | E6: 9.1% | G6: 8.0%
A8: HEADLINE FINDINGS (from Python statistical tests)
A9: Finding | B9: Observed | C9: Statistical Decision / Implication
A10: 1. Whippet Rescue Rate | B10: 6 / 100 = 6.0% | C10: Exact binomial p = 0.581 → NOT significantly different from 8% benchmark (α=0.05)
A11: 2. Mid-size Weights | B11: Terrier 30.9 lb | Whippet 40.8 lb | Pitbull 44.2 lb | C11: ANOVA p ≪ 0.001; Tukey: terrier differs from both; pitbull ≈ whippet (p≈0.064)
A12: 3. Poodle vs Shihtzu Colors | B12: χ² = 14.73, p = 0.0053 | C12: Significant association — color preferences can be breed-aware
A13: 4. High-value Traits | B13: Shihtzu likes-children 81%; Greyhound/Whippet hypoallergenic ~70% | C13: Strong matching signals for family vs allergy-sensitive adopters
A15: BREED TRAIT SNAPSHOT (sorted by rescue rate)
A16: Breed | B16: N | C16: Rescue % | D16: Weight Mean (lb) | E16: Age Mean | F16: Tail Mean (in) | G16: Likes Children % | H16: Hypoallergenic %
A17: rottweiler | B17: 100 | C17: 0.16 | D17: 55.2 | E17: 7 | F17: 4.2 | G17: 0.24 | H17: 0.14
A18: poodle | B18: 100 | C18: 0.14 | D18: 60.4 | E18: 4.3 | F18: 9.1 | G18: 0.54 | H18: 0.12
A19: pitbull | B19: 100 | C19: 0.13 | D19: 44.2 | E19: 4.1 | F19: 9.3 | G19: 0.33 | H19: 0.31
A20: chihuahua | B20: 100 | C20: 0.1 | D20: 5.2 | E20: 3.1 | F20: 3.1 | G20: 0.32 | H20: 0.32
A21: shihtzu | B21: 100 | C21: 0.07 | D21: 11.8 | E21: 3 | F21: 2.1 | G21: 0.81 | H21: 0.41
A22: whippet | B22: 100 | C22: 0.06 | D22: 40.8 | E22: 5 | F22: 11.9 | G22: 0.36 | H22: 0.69
A23: terrier | B23: 100 | C23: 0.04 | D23: 30.9 | E23: 2.1 | F23: 3.6 | G23: 0.32 | H23: 0.3
A24: greyhound | B24: 100 | C24: 0.03 | D24: 74.3 | E24: 4.2 | F24: 18 | G24: 0.36 | H24: 0.72
A26: HOW TO USE THIS WORKBOOK
A27: • Dashboard = executive view of the most important decisions. • Breed Summary = full descriptive statistics calculated with Excel formulas (AVERAGEIF / COUNTIF) from the Data sheet. • Rescue / Weight / Color / Traits sheets contain the core hypothesis-test results (p-values transcribed from Python) plus supporting tables and charts. • Spreadsheet vs Python sheet explains when to use each tool for this type of inferential project. • Yellow cells mark results that cannot be obtained with pure Excel formulas (exact binomial, ANOVA + Tukey HSD, bootstrap, power simulations).
A31: GOOGLE SHEETS COMPATIBILITY
A32: This .xlsx opens cleanly in Google Sheets. All live formulas (COUNTIF, SUMIF, AVERAGEIF, COUNTIFS, IF) are fully supported and will recalculate. Charts import (minor style differences possible). Yellow cells remain static values (intentional — they hold results from Python statistical tests that Google Sheets cannot compute natively). Comments appear as Notes. No separate Google-Sheets-only file is required.

Sheet Data
A1: Raw FetchMaker dog_data (800 rows). All summary formulas on other sheets reference this sheet.
A3: is_rescue | B3: weight | C3: tail_length | D3: age | E3: color | F3: likes_children | G3: is_hypoallergenic | H3: name | I3: breed
A4: 0 | B4: 6 | C4: 2.25 | D4: 2 | E4: black | F4: 1 | G4: 0 | H4: Huey | I4: chihuahua
A5: 0 | B5: 4 | C5: 5.36 | D5: 4 | E5: black | F5: 0 | G5: 0 | H5: Cherish | I5: chihuahua
A6: 0 | B6: 7 | C6: 3.63 | D6: 3 | E6: black | F6: 0 | G6: 1 | H6: Becka | I6: chihuahua
A7: 0 | B7: 5 | C7: 0.19 | D7: 2 | E7: black | F7: 0 | G7: 0 | H7: Addie | I7: chihuahua
A8: 0 | B8: 5 | C8: 0.37 | D8: 1 | E8: black | F8: 1 | G8: 1 | H8: Beverlee | I8: chihuahua
A9: 0 | B9: 7 | C9: 1.05 | D9: 4 | E9: black | F9: 1 | G9: 0 | H9: Lesley | I9: chihuahua
A10: 0 | B10: 5 | C10: 0.59 | D10: 4 | E10: black | F10: 0 | G10: 0 | H10: Christine | I10: chihuahua
A11: 0 | B11: 5 | C11: 3.42 | D11: 3 | E11: black | F11: 0 | G11: 1 | H11: Verena | I11: chihuahua
A12: 0 | B12: 4 | C12: 3.44 | D12: 7 | E12: black | F12: 0 | G12: 0 | H12: Benedetta | I12: chihuahua
A13: 0 | B13: 3 | C13: 6.35 | D13: 1 | E13: black | F13: 0 | G13: 1 | H13: Filmore | I13: chihuahua
A14: 0 | B14: 6 | C14: 2.33 | D14: 4 | E14: black | F14: 1 | G14: 1 | H14: Cary | I14: chihuahua
A15: 0 | B15: 2 | C15: 4.34 | D15: 4 | E15: black | F15: 0 | G15: 0 | H15: Gwenneth | I15: chihuahua
... A803: 0 | B803: 27 | C803: 15.18 | D803: 3 | E803: grey | F803: 0 | G803: 0 | H803: Gard | I803: whippet

Sheet Breed Summary
A1: Breed-Level Descriptive Statistics
A2: All numeric summaries below are Excel formulas (COUNTIF / AVERAGEIF / STDEV.S) that reference the Data sheet. Change or filter the Data sheet and these values update automatically.
A4: Breed | B4: N | C4: Rescues | D4: Rescue Rate | E4: Weight Mean | F4: Weight SD | G4: Age Mean | H4: Age SD | I4: Tail Mean | J4: Tail SD | K4: Likes Children % | L4: Hypoallergenic %
A5: chihuahua | B5: =COUNTIF(Data!$I$4:$I$803,A5) -> 100 | C5: =SUMIF(Data!$I$4:$I$803,A5,Data!$A$4:$A$803) -> 10 | D5: =IF(B5=0,0,C5/B5) -> 0.1 | E5: =AVERAGEIF(Data!$I$4:$I$803,A5,Data!$B$4:$B$803) -> 5.2 | F5: 4.89 | G5: =AVERAGEIF(Data!$I$4:$I$803,A5,Data!$D$4:$D$803) -> 3.11 | H5: 1.56 | I5: =AVERAGEIF(Data!$I$4:$I$803,A5,Data!$C$4:$C$803) -> 3.0738 | J5: 1.81 | K5: =AVERAGEIF(Data!$I$4:$I$803,A5,Data!$F$4:$F$803) -> 0.32 | L5: =AVERAGEIF(Data!$I$4:$I$803,A5,Data!$G$4:$G$803) -> 0.32
A6: greyhound | B6: =COUNTIF(Data!$I$4:$I$803,A6) -> 100 | C6: =SUMIF(Data!$I$4:$I$803,A6,Data!$A$4:$A$803) -> 3 | D6: =IF(B6=0,0,C6/B6) -> 0.03 | E6: =AVERAGEIF(Data!$I$4:$I$803,A6,Data!$B$4:$B$803) -> 74.26 | F6: 10.99 | G6: =AVERAGEIF(Data!$I$4:$I$803,A6,Data!$D$4:$D$803) -> 4.16 | H6: 2.87 | I6: =AVERAGEIF(Data!$I$4:$I$803,A6,Data!$C$4:$C$803) -> 18.001 | J6: 4.22 | K6: =AVERAGEIF(Data!$I$4:$I$803,A6,Data!$F$4:$F$803) -> 0.36 | L6: =AVERAGEIF(Data!$I$4:$I$803,A6,Data!$G$4:$G$803) -> 0.72
A7: pitbull | B7: =COUNTIF(Data!$I$4:$I$803,A7) -> 100 | C7: =SUMIF(Data!$I$4:$I$803,A7,Data!$A$4:$A$803) -> 13 | D7: =IF(B7=0,0,C7/B7) -> 0.13 | E7: =AVERAGEIF(Data!$I$4:$I$803,A7,Data!$B$4:$B$803) -> 44.16 | F7: 9.42 | G7: =AVERAGEIF(Data!$I$4:$I$803,A7,Data!$D$4:$D$803) -> 4.09 | H7: 1.48 | I7: =AVERAGEIF(Data!$I$4:$I$803,A7,Data!$C$4:$C$803) -> 9.26 | J7: 3 | K7: =AVERAGEIF(Data!$I$4:$I$803,A7,Data!$F$4:$F$803) -> 0.33 | L7: =AVERAGEIF(Data!$I$4:$I$803,A7,Data!$G$4:$G$803) -> 0.31
A8: poodle | B8: =COUNTIF(Data!$I$4:$I$803,A8) -> 100 | C8: =SUMIF(Data!$I$4:$I$803,A8,Data!$A$4:$A$803) -> 14 | D8: =IF(B8=0,0,C8/B8) -> 0.14 | E8: =AVERAGEIF(Data!$I$4:$I$803,A8,Data!$B$4:$B$803) -> 60.35 | F8: 4.97 | G8: =AVERAGEIF(Data!$I$4:$I$803,A8,Data!$D$4:$D$803) -> 4.3 | H8: 2.55 | I8: =AVERAGEIF(Data!$I$4:$I$803,A8,Data!$C$4:$C$803) -> 9.0941 | J8: 2.56 | K8: =AVERAGEIF(Data!$I$4:$I$803,A8,Data!$F$4:$F$803) -> 0.54 | L8: =AVERAGEIF(Data!$I$4:$I$803,A8,Data!$G$4:$G$803) -> 0.12
A9: rottweiler | B9: =COUNTIF(Data!$I$4:$I$803,A9) -> 100 | C9: =SUMIF(Data!$I$4:$I$803,A9,Data!$A$4:$A$803) -> 16 | D9: =IF(B9=0,0,C9/B9) -> 0.16 | E9: =AVERAGEIF(Data!$I$4:$I$803,A9,Data!$B$4:$B$803) -> 55.16 | F9: 8.92 | G9: =AVERAGEIF(Data!$I$4:$I$803,A9,Data!$D$4:$D$803) -> 7.01 | H9: 3.11 | I9: =AVERAGEIF(Data!$I$4:$I$803,A9,Data!$C$4:$C$803) -> 4.2361 | J9: 2.08 | K9: =AVERAGEIF(Data!$I$4:$I$803,A9,Data!$F$4:$F$803) -> 0.24 | L9: =AVERAGEIF(Data!$I$4:$I$803,A9,Data!$G$4:$G$803) -> 0.14
A10: shihtzu | B10: =COUNTIF(Data!$I$4:$I$803,A10) -> 100 | C10: =SUMIF(Data!$I$4:$I$803,A10,Data!$A$4:$A$803) -> 7 | D10: =IF(B10=0,0,C10/B10) -> 0.07 | E10: =AVERAGEIF(Data!$I$4:$I$803,A10,Data!$B$4:$B$803) -> 11.85 | F10: 3.19 | G10: =AVERAGEIF(Data!$I$4:$I$803,A10,Data!$D$4:$D$803) -> 3.01 | H10: 1.04 | I10: =AVERAGEIF(Data!$I$4:$I$803,A10,Data!$C$4:$C$803) -> 2.1257 | J10: 0.92 | K10: =AVERAGEIF(Data!$I$4:$I$803,A10,Data!$F$4:$F$803) -> 0.81 | L10: =AVERAGEIF(Data!$I$4:$I$803,A10,Data!$G$4:$G$803) -> 0.41
A11: terrier | B11: =COUNTIF(Data!$I$4:$I$803,A11) -> 100 | C11: =SUMIF(Data!$I$4:$I$803,A11,Data!$A$4:$A$803) -> 4 | D11: =IF(B11=0,0,C11/B11) -> 0.04 | E11: =AVERAGEIF(Data!$I$4:$I$803,A11,Data!$B$4:$B$803) -> 30.92 | F11: 8.65 | G11: =AVERAGEIF(Data!$I$4:$I$803,A11,Data!$D$4:$D$803) -> 2.11 | H11: 0.92 | I11: =AVERAGEIF(Data!$I$4:$I$803,A11,Data!$C$4:$C$803) -> 3.6041 | J11: 1.75 | K11: =AVERAGEIF(Data!$I$4:$I$803,A11,Data!$F$4:$F$803) -> 0.32 | L11: =AVERAGEIF(Data!$I$4:$I$803,A11,Data!$G$4:$G$803) -> 0.3
A12: whippet | B12: =COUNTIF(Data!$I$4:$I$803,A12) -> 100 | C12: =SUMIF(Data!$I$4:$I$803,A12,Data!$A$4:$A$803) -> 6 | D12: =IF(B12=0,0,C12/B12) -> 0.06 | E12: =AVERAGEIF(Data!$I$4:$I$803,A12,Data!$B$4:$B$803) -> 40.82 | F12: 12.86 | G12: =AVERAGEIF(Data!$I$4:$I$803,A12,Data!$D$4:$D$803) -> 4.99 | H12: 2.72 | I12: =AVERAGEIF(Data!$I$4:$I$803,A12,Data!$C$4:$C$803) -> 11.8742 | J12: 4.77 | K12: =AVERAGEIF(Data!$I$4:$I$803,A12,Data!$F$4:$F$803) -> 0.36 | L12: =AVERAGEIF(Data!$I$4:$I$803,A12,Data!$G$4:$G$803) -> 0.69
A13: ALL DOGS | B13: =SUM(B5:B12) -> 800 | C13: =SUM(C5:C12) -> 73 | D13: =C13/B13 -> 0.09125 | E13: =AVERAGE(Data!B4:B803) -> 40.34
A15: Note on SD columns (blue text): Grouped standard deviation requires array formulas or helper columns in pure Excel. Values shown are the exact SDs from Python (pandas) for accuracy. Means and rates are live Excel formulas.
A17: RESCUE RATE vs 8% HISTORICAL BENCHMARK
A18: Difference from 8% | B18: Breed | C18: Rescue Rate | D18: Diff vs 8% | E18: Direction
B19: chihuahua | C19: =VLOOKUP(B19,A5:D12,4,FALSE()) -> 0.1 | D19: =C19-0.08 -> 0.02 | E19: =IF(D19>0,"Above","Below or equal") -> Above
B20: greyhound | C20: =VLOOKUP(B20,A5:D12,4,FALSE()) -> 0.03 | D20: =C20-0.08 -> -0.05 | E20: =IF(D20>0,"Above","Below or equal") -> Below or equal
B21: pitbull | C21: =VLOOKUP(B21,A5:D12,4,FALSE()) -> 0.13 | D21: =C21-0.08 -> 0.05 | E21: =IF(D21>0,"Above","Below or equal") -> Above
B22: poodle | C22: =VLOOKUP(B22,A5:D12,4,FALSE()) -> 0.14 | D22: =C22-0.08 -> 0.06 | E22: =IF(D22>0,"Above","Below or equal") -> Above
B23: rottweiler | C23: =VLOOKUP(B23,A5:D12,4,FALSE()) -> 0.16 | D23: =C23-0.08 -> 0.08 | E23: =IF(D23>0,"Above","Below or equal") -> Above
B24: shihtzu | C24: =VLOOKUP(B24,A5:D12,4,FALSE()) -> 0.07 | D24: =C24-0.08 -> -0.01 | E24: =IF(D24>0,"Above","Below or equal") -> Below or equal
B25: terrier | C25: =VLOOKUP(B25,A5:D12,4,FALSE()) -> 0.04 | D25: =C25-0.08 -> -0.04 | E25: =IF(D25>0,"Above","Below or equal") -> Below or equal
B26: whippet | C26: =VLOOKUP(B26,A5:D12,4,FALSE()) -> 0.06 | D26: =C26-0.08 -> -0.02 | E26: =IF(D26>0,"Above","Below or equal") -> Below or equal

Sheet Rescue Analysis
A1: Rescue Rate Hypothesis Tests
A2: Primary question: Are whippets significantly different from the company-wide 8% rescue rate? Extended view for all breeds.
A4: WHIPPET vs 8% BENCHMARK (core test from original project)
A5: Metric | B5: Value | C5: Source / Formula
A6: Observed rescues (k) | B6: 6 | C6: COUNTIF / SUMIF from Data
A7: Sample size (n) | B7: 100 | C7: COUNTIF breed=whippet
A8: Observed proportion | B8: 0.06 | C8: k/n
A9: Null hypothesis p₀ | B9: 0.08 | C9: Company historical benchmark (input)
A10: Exact binomial p-value (two-sided) | B10: 0.5812 | C10: Python scipy.stats.binomtest — yellow = cannot be obtained with pure Excel
A11: 95% CI (Clopper-Pearson) | B11: 2.2% – 12.6% | C11: Python binomtest.proportion_ci
A12: Decision (α = 0.05) | B12: Do NOT reject H₀ | C12: p > 0.05 → rate compatible with 8%
A14: ALL BREEDS — Rescue counts & rates (live formulas)
A15: Breed | B15: Rescues | C15: N | D15: Rate | E15: vs 8% | F15: Python binomial p (vs 0.08) | H15: Breed | I15: Rescue Rate
A16: chihuahua | B16: =SUMIF(Data!$I$4:$I$803,A16,Data!$A$4:$A$803) -> 10 | C16: =COUNTIF(Data!$I$4:$I$803,A16) -> 100 | D16: =B16/C16 -> 0.1 | E16: =D16-0.08 -> 0.02 | F16: 0.468 | H16: chihuahua | I16: =D16 -> 0.1
A17: greyhound | B17: =SUMIF(Data!$I$4:$I$803,A17,Data!$A$4:$A$803) -> 3 | C17: =COUNTIF(Data!$I$4:$I$803,A17) -> 100 | D17: =B17/C17 -> 0.03 | E17: =D17-0.08 -> -0.05 | F17: 0.058 | H17: greyhound | I17: =D17 -> 0.03
A18: pitbull | B18: =SUMIF(Data!$I$4:$I$803,A18,Data!$A$4:$A$803) -> 13 | C18: =COUNTIF(Data!$I$4:$I$803,A18) -> 100 | D18: =B18/C18 -> 0.13 | E18: =D18-0.08 -> 0.05 | F18: 0.071 | H18: pitbull | I18: =D18 -> 0.13
A19: poodle | B19: =SUMIF(Data!$I$4:$I$803,A19,Data!$A$4:$A$803) -> 14 | C19: =COUNTIF(Data!$I$4:$I$803,A19) -> 100 | D19: =B19/C19 -> 0.14 | E19: =D19-0.08 -> 0.06 | F19: 0.032 | H19: poodle | I19: =D19 -> 0.14
A20: rottweiler | B20: =SUMIF(Data!$I$4:$I$803,A20,Data!$A$4:$A$803) -> 16 | C20: =COUNTIF(Data!$I$4:$I$803,A20) -> 100 | D20: =B20/C20 -> 0.16 | E20: =D20-0.08 -> 0.08 | F20: 0.006 | H20: rottweiler | I20: =D20 -> 0.16
A21: shihtzu | B21: =SUMIF(Data!$I$4:$I$803,A21,Data!$A$4:$A$803) -> 7 | C21: =COUNTIF(Data!$I$4:$I$803,A21) -> 100 | D21: =B21/C21 -> 0.07 | E21: =D21-0.08 -> -0.01 | F21: 0.845 | H21: shihtzu | I21: =D21 -> 0.07
A22: terrier | B22: =SUMIF(Data!$I$4:$I$803,A22,Data!$A$4:$A$803) -> 4 | C22: =COUNTIF(Data!$I$4:$I$803,A22) -> 100 | D22: =B22/C22 -> 0.04 | E22: =D22-0.08 -> -0.04 | F22: 0.148 | H22: terrier | I22: =D22 -> 0.04
A23: whippet | B23: =SUMIF(Data!$I$4:$I$803,A23,Data!$A$4:$A$803) -> 6 | C23: =COUNTIF(Data!$I$4:$I$803,A23) -> 100 | D23: =B23/C23 -> 0.06 | E23: =D23-0.08 -> -0.02 | F23: 0.581 | H23: whippet | I23: =D23 -> 0.06
A25: Interpretation: Only rottweiler (p≈0.006) would survive a Bonferroni-corrected threshold (0.05/8≈0.00625). Most breeds are compatible with the 8% company prior. Matching algorithm can keep a single rescue-rate prior unless further evidence appears.

Sheet Weight Analysis
A1: Mid-Size Breed Weight Comparison (Whippet, Terrier, Pitbull)
A2: Core question from original project: Do the three popular mid-size breeds differ in average weight?
A4: DESCRIPTIVE STATISTICS (Excel formulas)
A5: Breed | B5: N | C5: Mean Weight (lb) | D5: SD | E5: Min | F5: Max | I5: Breed | J5: Mean Weight
A6: whippet | B6: =COUNTIF(Data!$I$4:$I$803,A6) -> 100 | C6: =AVERAGEIF(Data!$I$4:$I$803,A6,Data!$B$4:$B$803) -> 40.82 | D6: 12.86 | E6: 6 | F6: 70 | I6: whippet | J6: =C6 -> 40.82
A7: terrier | B7: =COUNTIF(Data!$I$4:$I$803,A7) -> 100 | C7: =AVERAGEIF(Data!$I$4:$I$803,A7,Data!$B$4:$B$803) -> 30.92 | D7: 8.65 | E7: 2 | F7: 50 | I7: terrier | J7: =C7 -> 30.92
A8: pitbull | B8: =COUNTIF(Data!$I$4:$I$803,A8) -> 100 | C8: =AVERAGEIF(Data!$I$4:$I$803,A8,Data!$B$4:$B$803) -> 44.16 | D8: 9.42 | E8: 23 | F8: 71 | I8: pitbull | J8: =C8 -> 44.16
A10: ONE-WAY ANOVA & TUKEY HSD RESULTS (from Python)
A11: Test | B11: Statistic | C11: p-value | D11: Decision (α=0.05)
A12: One-way ANOVA (3 groups) | B12: F = 43.25 | C12: 3.28e-17 | D12: Reject H₀ — at least one pair differs
A14: Tukey HSD pairwise (family-wise error rate controlled at 0.05)
A15: Group 1 | B15: Group 2 | C15: Mean Diff (lb) | D15: p-adj | E15: Reject?
A16: pitbull | B16: terrier | C16: -13.24 | D16: 0 | E16: Yes
A17: pitbull | B17: whippet | C17: -3.34 | D17: 0.0638 | E17: No
A18: terrier | B18: whippet | C18: 9.9 | D18: 0 | E18: Yes
A20: BUSINESS IMPLICATION
A21: Terriers are substantially lighter (~10–13 lb) than both whippets and pitbulls. The matching algorithm should treat breed as a strong prior for expected weight. Pitbull and whippet average weights are close enough that weight alone may not separate them reliably.

Sheet Color Contingency
A1: Poodle vs Shihtzu Color Association
A2: Chi-square test of independence. H₀: color and breed are independent.
A4: OBSERVED COUNTS (Excel COUNTIFS formulas)
A5: Color | B5: poodle | C5: shihtzu | D5: Row Total | F5: Color | G5: Poodle % | H5: Shihtzu %
A6: black | B6: =COUNTIFS(Data!$I$4:$I$803,"poodle",Data!$E$4:$E$803,A6) -> 17 | C6: =COUNTIFS(Data!$I$4:$I$803,"shihtzu",Data!$E$4:$E$803,A6) -> 10 | D6: =B6+C6 -> 27 | F6: black | G6: =IF($B$11=0,0,B6/$B$11) -> 0.17 | H6: =IF($C$11=0,0,C6/$C$11) -> 0.1
A7: brown | B7: =COUNTIFS(Data!$I$4:$I$803,"poodle",Data!$E$4:$E$803,A7) -> 13 | C7: =COUNTIFS(Data!$I$4:$I$803,"shihtzu",Data!$E$4:$E$803,A7) -> 36 | D7: =B7+C7 -> 49 | F7: brown | G7: =IF($B$11=0,0,B7/$B$11) -> 0.13 | H7: =IF($C$11=0,0,C7/$C$11) -> 0.36
A8: gold | B8: =COUNTIFS(Data!$I$4:$I$803,"poodle",Data!$E$4:$E$803,A8) -> 8 | C8: =COUNTIFS(Data!$I$4:$I$803,"shihtzu",Data!$E$4:$E$803,A8) -> 6 | D8: =B8+C8 -> 14 | F8: gold | G8: =IF($B$11=0,0,B8/$B$11) -> 0.08 | H8: =IF($C$11=0,0,C8/$C$11) -> 0.06
A9: grey | B9: =COUNTIFS(Data!$I$4:$I$803,"poodle",Data!$E$4:$E$803,A9) -> 52 | C9: =COUNTIFS(Data!$I$4:$I$803,"shihtzu",Data!$E$4:$E$803,A9) -> 41 | D9: =B9+C9 -> 93 | F9: grey | G9: =IF($B$11=0,0,B9/$B$11) -> 0.52 | H9: =IF($C$11=0,0,C9/$C$11) -> 0.41
A10: white | B10: =COUNTIFS(Data!$I$4:$I$803,"poodle",Data!$E$4:$E$803,A10) -> 10 | C10: =COUNTIFS(Data!$I$4:$I$803,"shihtzu",Data!$E$4:$E$803,A10) -> 7 | D10: =B10+C10 -> 17 | F10: white | G10: =IF($B$11=0,0,B10/$B$11) -> 0.1 | H10: =IF($C$11=0,0,C10/$C$11) -> 0.07
A11: Column Total | B11: =SUM(B6:B10) -> 100 | C11: =SUM(C6:C10) -> 100 | D11: =SUM(D6:D10) -> 200
A13: CHI-SQUARE TEST RESULT (from Python)
A14: χ² statistic | B14: 14.727
A15: Degrees of freedom | B15: 4
A16: p-value | B16: 0.0053
A17: Decision (α=0.05) | B17: Reject H₀ — significant association between breed and color
A19: Note: Excel can compute CHISQ.TEST if you also build the expected-frequency matrix (row total × col total / grand total). The observed counts above are live formulas; the final p-value is transcribed from scipy for convenience and exactness.

Sheet Traits Deep Dive
A1: High-Value Matching Traits: Hypoallergenic & Likes Children
A3: HYPOALLERGENIC RATE BY BREED (live AVERAGEIF)
A4: Breed | B4: Hypoallergenic % | C4: Rank | E4: Breed | F4: Hypo %
A5: greyhound | B5: =AVERAGEIF(Data!$I$4:$I$803,A5,Data!$G$4:$G$803) -> 0.72 | C5: 1 | E5: greyhound | F5: =B5 -> 0.72
A6: whippet | B6: =AVERAGEIF(Data!$I$4:$I$803,A6,Data!$G$4:$G$803) -> 0.69 | C6: 2 | E6: whippet | F6: =B6 -> 0.69
A7: shihtzu | B7: =AVERAGEIF(Data!$I$4:$I$803,A7,Data!$G$4:$G$803) -> 0.41 | C7: 3 | E7: shihtzu | F7: =B7 -> 0.41
A8: chihuahua | B8: =AVERAGEIF(Data!$I$4:$I$803,A8,Data!$G$4:$G$803) -> 0.32 | C8: 4 | E8: chihuahua | F8: =B8 -> 0.32
A9: pitbull | B9: =AVERAGEIF(Data!$I$4:$I$803,A9,Data!$G$4:$G$803) -> 0.31 | C9: 5 | E9: pitbull | F9: =B9 -> 0.31
A10: terrier | B10: =AVERAGEIF(Data!$I$4:$I$803,A10,Data!$G$4:$G$803) -> 0.3 | C10: 6 | E10: terrier | F10: =B10 -> 0.3
A11: rottweiler | B11: =AVERAGEIF(Data!$I$4:$I$803,A11,Data!$G$4:$G$803) -> 0.14 | C11: 7 | E11: rottweiler | F11: =B11 -> 0.14
A12: poodle | B12: =AVERAGEIF(Data!$I$4:$I$803,A12,Data!$G$4:$G$803) -> 0.12 | C12: 8 | E12: poodle | F12: =B12 -> 0.12
A14: LIKES CHILDREN RATE BY BREED
A15: Breed | B15: Likes Children % | C15: Rank
A16: shihtzu | B16: =AVERAGEIF(Data!$I$4:$I$803,A16,Data!$F$4:$F$803) -> 0.81 | C16: 1
A17: poodle | B17: =AVERAGEIF(Data!$I$4:$I$803,A17,Data!$F$4:$F$803) -> 0.54 | C17: 2
A18: whippet | B18: =AVERAGEIF(Data!$I$4:$I$803,A18,Data!$F$4:$F$803) -> 0.36 | C18: 3
A19: greyhound | B19: =AVERAGEIF(Data!$I$4:$I$803,A19,Data!$F$4:$F$803) -> 0.36 | C19: 4
A20: pitbull | B20: =AVERAGEIF(Data!$I$4:$I$803,A20,Data!$F$4:$F$803) -> 0.33 | C20: 5
A21: chihuahua | B21: =AVERAGEIF(Data!$I$4:$I$803,A21,Data!$F$4:$F$803) -> 0.32 | C21: 6
A22: terrier | B22: =AVERAGEIF(Data!$I$4:$I$803,A22,Data!$F$4:$F$803) -> 0.32 | C22: 7
A23: rottweiler | B23: =AVERAGEIF(Data!$I$4:$I$803,A23,Data!$F$4:$F$803) -> 0.24 | C23: 8
A25: KEY MATCHING RECOMMENDATIONS
A26: • Allergy-sensitive adopters → prioritize Greyhound or Whippet (≈70% hypoallergenic). • Families with children → prioritize Shihtzu (81% likes children) or Poodle (54%). • These two binary traits are among the strongest, most actionable signals in the dataset for the matching algorithm.

Sheet Tool Comparison GS-Python-R
A1: What Each Tool Can (and Cannot) Analyze — FetchMaker-style Hypothesis Testing Project
A2: Project type: multi-breed descriptive statistics + exact binomial tests + one-way ANOVA + Tukey HSD + chi-square tests of independence + simulation/power + stakeholder dashboards.
A4: CAPABILITY MATRIX
A5: Analysis / Feature | B5: Google Sheets | C5: Python (pandas/scipy/statsmodels) | D5: R (tidyverse / base / broom) | E5: Best choice for this project
A6: Group means, counts, proportions (by breed) | B6: Excellent — AVERAGEIF, COUNTIF, QUERY, Pivot Tables. Live & interactive. | C6: Excellent — groupby().agg(), value_counts. Fully programmable. | D6: Excellent — dplyr::group_by + summarise, table(), prop.table. | E6: Any (Sheets for exploration)
A7: Grouped standard deviations / quantiles | B7: Awkward (array formulas or helper columns). Often pre-computed. | C7: Native and simple. | D7: Native (sd, quantile inside summarise). | E7: Python or R
A8: Exact binomial test + Clopper-Pearson CI | B8: Not native. BINOMDIST / NORMSDIST approximations only. No clean two-sided exact test. | C8: One line: scipy.stats.binomtest. Exact + CI. | D8: binom.test() — exact, classic, clean CI. | E8: Python or R
A9: One-way ANOVA | B9: Possible via add-ons or complex array formulas. Limited & fragile. | C9: scipy.stats.f_oneway or statsmodels ols + anova_lm. Full control. | D9: aov() or oneway.test(). Classic and clean. | E9: Python or R
A10: Tukey HSD / post-hoc with FWER control | B10: Essentially unavailable without specialized add-ons. | C10: statsmodels pairwise_tukeyhsd or pingouin. Proper multiplicity control. | D10: TukeyHSD() from stats package. Excellent. | E10: Python or R
A11: Chi-square test of independence | B11: Possible (CHITEST) once expected matrix is built. COUNTIFS for observed is great. | C11: scipy.stats.chi2_contingency — one call, returns everything. | D11: chisq.test() — one call, residuals, expected. | E11: Any (Sheets ok for simple cases)
A12: Two-proportion z-test / odds ratios | B12: Manual formulas possible; error-prone. | C12: statsmodels.proportions_ztest or manual. Easy. | D12: prop.test() or fisher.test(). Clean. | E12: Python or R
A13: Bootstrap CIs / Monte-Carlo power curves | B13: Possible with iterative tables but slow, brittle, hard to maintain. | C13: Native loops or vectorized NumPy. Fast (thousands of reps in seconds). | D13: replicate() / purrr::map. Very natural for simulation. | E13: Python or R
A14: Reproducible analysis pipeline (script to report) | B14: Limited. Versioning .gsheet is weak; no true literate programming. | C14: Jupyter / Quarto / scripts + Git. Full audit trail. | D14: R Markdown / Quarto. Outstanding literate programming. | E14: Python or R (R slightly stronger for reports)
A15: Interactive dashboard for non-coders | B15: Best-in-class. Filters, slicers, everyone already knows it. | C15: Requires Streamlit / Voila / Dash (extra layer). | D15: Requires Shiny (powerful but steeper). | E15: Google Sheets
A16: Publication-quality plots for reports | B16: Basic charts. Limited customization and statistical annotations. | C16: matplotlib / seaborn / plotly. Full control + statistical layers. | D16: ggplot2 — grammar of graphics, excellent defaults for stats. | E16: Python or R (R/ggplot2 often preferred for stats viz)
... A19: Collaborative real-time editing | B19: Excellent (Google’s core strength). | C19: Requires shared notebooks or Git discipline. | D19: Requires shared projects or Git. | E19: Google Sheets
A21: RECOMMENDED WORKFLOW FOR FETCHMAKER
A22: 1. Do all formal hypothesis tests, simulations, and reproducible analysis in Python or R (exact binomial, ANOVA + Tukey, chi-square, power curves). These are the yellow cells in the other sheets. 2. Distribute results and let non-technical stakeholders explore via this Google-Sheets-compatible workbook (or upload the .xlsx directly to Google Drive). Live formulas for rates/means + charts are ideal for product & executive audiences. 3. For the final narrative report and audience-adapted writing, use Jupyter/Quarto (Python) or R Markdown — both support the multi-audience structure (executives skim headlines; technical supervisors inspect methods). 4. Google Sheets is the best pure collaboration / exploration layer; it is not a replacement for the statistical engine.
A27: WHAT GOOGLE SHEETS CANNOT RELIABLY DO FOR THIS PROJECT
A28: • Exact two-sided binomial test with proper confidence interval • One-way ANOVA followed by Tukey HSD that controls the family-wise error rate • Clean, fast bootstrap confidence intervals or power simulations (hundreds/thousands of replicates) • Fully reproducible, version-controlled analysis pipeline that can be re-run when new dogs arrive • Training or serving the actual matching model that will use these insights All of the above are straightforward in both Python and R; that is why those results appear as yellow (transcribed) cells in the analysis sheets.
