Workbook

Sheet Overview
A1: Preparing Data for EDA – Toolkit (Google Sheets compatible)
A3: Purpose
A4: This workbook demonstrates the Chapter 2 data-preparation techniques from the Packt EDA Cookbook using spreadsheet formulas and views that work in both Excel and Google Sheets.
A6: Sheets in this workbook
A7: Sheet | B7: Description
A8: Overview | B8: This page – purpose and navigation
A9: Sample Data | B9: Small extract of the marketing campaign dataset (editable inputs in blue)
A10: Grouping | B10: GROUP BY style aggregation with SUMIF / AVERAGEIF / COUNTIF
A11: Sorting Filter | B11: How to sort and filter; helper rank columns
A12: Binning Categories | B12: Categorise numeric columns with nested IF or IFS
A13: Duplicates | B13: Highlight and count duplicates
A14: Missing Values | B14: Detect, count and fill missing values
A15: Merge Demo | B15: VLOOKUP / XLOOKUP style join of two tables
A16: Quick Reference | B16: Mapping of Python (pandas) operations to spreadsheet formulas
A19: How to use with Google Sheets
A20: 1. File → Import → Upload this .xlsx (or drag into Drive and open with Sheets).
A21: 2. Blue-text cells are intended as editable inputs.
A22: 3. Yellow cells highlight key results or assumptions.
A23: 4. Most formulas (AVERAGEIF, COUNTIF, VLOOKUP, IF, IFS) work identically in Google Sheets.
A24: 5. For large data prefer the Python scripts/notebooks in this project; use the sheet for quick exploration and teaching.

Sheet Sample Data
A1: Sample Marketing Campaign Data (first 20 rows – edit blue cells)
A3: ID | B3: Year_Birth | C3: Education | D3: Marital_Status | E3: Income | F3: Kidhome | G3: Teenhome | H3: Dt_Customer | I3: Recency | J3: NumStorePurchases | K3: NumWebVisitsMonth
A4: 5524 | B4: 1957 | C4: Graduation | D4: Single | E4: 58138 | F4: 0 | G4: 0 | H4: 04-09-2012 | I4: 58 | J4: 4 | K4: 7
A5: 2174 | B5: 1954 | C5: Graduation | D5: Single | E5: 46344 | F5: 1 | G5: 1 | H5: 08-03-2014 | I5: 38 | J5: 2 | K5: 5
A6: 4141 | B6: 1965 | C6: Graduation | D6: Together | E6: 71613 | F6: 0 | G6: 0 | H6: 21-08-2013 | I6: 26 | J6: 10 | K6: 4
A7: 6182 | B7: 1984 | C7: Graduation | D7: Together | E7: 26646 | F7: 1 | G7: 0 | H7: 10-02-2014 | I7: 26 | J7: 4 | K7: 6
A8: 5324 | B8: 1981 | C8: PhD | D8: Married | E8: 58293 | F8: 1 | G8: 0 | H8: 19-01-2014 | I8: 94 | J8: 6 | K8: 5
A9: 1001 | B9: 1947 | C9: Master | D9: Divorced | E9: 82443.5 | F9: 0 | G9: 1 | H9: 12-04-2012 | I9: 33 | J9: 2 | K9: 0
A10: 1002 | B10: 1960 | C10: Graduation | D10: Together | E10: 25269.6 | F10: 0 | G10: 0 | H10: 29-08-2012 | I10: 77 | J10: 1 | K10: 11
A11: 1003 | B11: 1978 | C11: Graduation | D11: Together | E11: 63510.2 | F11: 0 | G11: 1 | H11: 26-04-2012 | I11: 7 | J11: 13 | K11: 1
A12: 1004 | B12: 1997 | C12: 2n Cycle | D12: Single | E12: 59437.2 | F12: 0 | G12: 0 | H12: 01-08-2012 | I12: 54 | J12: 13 | K12: 10
A13: 1005 | B13: 1958 | C13: Graduation | D13: Married | E13: 32340.7 | F13: 0 | G13: 0 | H13: 28-04-2013 | I13: 90 | J13: 8 | K13: 5
A14: 1006 | B14: 1962 | C14: Graduation | D14: Together | E14: 79337.5 | F14: 0 | G14: 1 | H14: 12-06-2013 | I14: 9 | J14: 7 | K14: 7
A15: 1007 | B15: 1950 | C15: Graduation | D15: Together | E15: 60785.6 | F15: 0 | G15: 1 | H15: 21-11-2013 | I15: 56 | J15: 9 | K15: 6
... A23: 1015 | B23: 1961 | C23: 2n Cycle | D23: Married | E23: 10886.1 | F23: 1 | G23: 0 | H23: 05-10-2013 | I23: 44 | J23: 10 | K23: 14
A25: Notes: Blue font = editable inputs. Income has 24 missing values in the full dataset (shown as blank when present).

Sheet Grouping
A1: Grouping / Aggregation (spreadsheet equivalent of pandas groupby)
A3: Average NumStorePurchases by Kidhome (AVERAGEIF)
A5: Kidhome | B5: Avg Store Purchases | C5: Count | D5: Formula (Avg)
A6: 0 | B6: =AVERAGEIF('Sample Data'!$F$4:$F$23,A6,'Sample Data'!$J$4:$J$23) | C6: =COUNTIF('Sample Data'!$F$4:$F$23,A6) | D6: =AVERAGEIF('Sample Data'!$F$4:$F$23,A6,'Sample Data'!$J$4:$J$23)
A7: 1 | B7: =AVERAGEIF('Sample Data'!$F$4:$F$23,A7,'Sample Data'!$J$4:$J$23) | C7: =COUNTIF('Sample Data'!$F$4:$F$23,A7) | D7: =AVERAGEIF('Sample Data'!$F$4:$F$23,A7,'Sample Data'!$J$4:$J$23)
A8: 2 | B8: =AVERAGEIF('Sample Data'!$F$4:$F$23,A8,'Sample Data'!$J$4:$J$23) | C8: =COUNTIF('Sample Data'!$F$4:$F$23,A8) | D8: =AVERAGEIF('Sample Data'!$F$4:$F$23,A8,'Sample Data'!$J$4:$J$23)
A10: Tip: In Google Sheets the same AVERAGEIF / COUNTIF syntax works. For multiple metrics use QUERY or pivot tables.
A12: Pivot-table style summary (manual)
A13: Education | B13: Mean Income (from sample)
A14: Graduation | B14: =AVERAGEIF('Sample Data'!$C$4:$C$23,A14,'Sample Data'!$E$4:$E$23)
A15: PhD | B15: =AVERAGEIF('Sample Data'!$C$4:$C$23,A15,'Sample Data'!$E$4:$E$23)
A16: Master | B16: =AVERAGEIF('Sample Data'!$C$4:$C$23,A16,'Sample Data'!$E$4:$E$23)
A17: Basic | B17: =AVERAGEIF('Sample Data'!$C$4:$C$23,A17,'Sample Data'!$E$4:$E$23)
A18: 2n Cycle | B18: =AVERAGEIF('Sample Data'!$C$4:$C$23,A18,'Sample Data'!$E$4:$E$23)

Sheet Sorting Filter
A1: Sorting and Ranking
A3: Helper rank column (RANK) – useful when you cannot rely on UI sort
A5: ID | B5: NumStorePurchases | C5: Rank (desc)
A6: ='Sample Data'!A4 | B6: ='Sample Data'!J4 | C6: =RANK(B6,$B$6:$B$25,0)
A7: ='Sample Data'!A5 | B7: ='Sample Data'!J5 | C7: =RANK(B7,$B$6:$B$25,0)
A8: ='Sample Data'!A6 | B8: ='Sample Data'!J6 | C8: =RANK(B8,$B$6:$B$25,0)
A9: ='Sample Data'!A7 | B9: ='Sample Data'!J7 | C9: =RANK(B9,$B$6:$B$25,0)
A10: ='Sample Data'!A8 | B10: ='Sample Data'!J8 | C10: =RANK(B10,$B$6:$B$25,0)
A11: ='Sample Data'!A9 | B11: ='Sample Data'!J9 | C11: =RANK(B11,$B$6:$B$25,0)
A12: ='Sample Data'!A10 | B12: ='Sample Data'!J10 | C12: =RANK(B12,$B$6:$B$25,0)
A13: ='Sample Data'!A11 | B13: ='Sample Data'!J11 | C13: =RANK(B13,$B$6:$B$25,0)
A14: ='Sample Data'!A12 | B14: ='Sample Data'!J12 | C14: =RANK(B14,$B$6:$B$25,0)
A15: ='Sample Data'!A13 | B15: ='Sample Data'!J13 | C15: =RANK(B15,$B$6:$B$25,0)
A16: ='Sample Data'!A14 | B16: ='Sample Data'!J14 | C16: =RANK(B16,$B$6:$B$25,0)
A17: ='Sample Data'!A15 | B17: ='Sample Data'!J15 | C17: =RANK(B17,$B$6:$B$25,0)
... A25: ='Sample Data'!A23 | B25: ='Sample Data'!J23 | C25: =RANK(B25,$B$6:$B$25,0)
A28: In Google Sheets: Data → Sort range, or use SORT() / SORTN() array formulas.
A29: Example array formula: =SORT('Sample Data'!A4:K23, 10, FALSE) // sort by 10th column desc

Sheet Binning Categories
A1: Categorising numeric data (pd.cut equivalent)
A3: Nested IF / IFS to create Low / Moderate / High from NumStorePurchases
A5: ID | B5: NumStorePurchases | C5: Category | D5: Rule
A6: ='Sample Data'!A4 | B6: ='Sample Data'!J4 | C6: =IF(B6<=4,"Low",IF(B6<=8,"Moderate","High")) | D6: <=4 Low | <=8 Moderate | else High
A7: ='Sample Data'!A5 | B7: ='Sample Data'!J5 | C7: =IF(B7<=4,"Low",IF(B7<=8,"Moderate","High")) | D7: <=4 Low | <=8 Moderate | else High
A8: ='Sample Data'!A6 | B8: ='Sample Data'!J6 | C8: =IF(B8<=4,"Low",IF(B8<=8,"Moderate","High")) | D8: <=4 Low | <=8 Moderate | else High
A9: ='Sample Data'!A7 | B9: ='Sample Data'!J7 | C9: =IF(B9<=4,"Low",IF(B9<=8,"Moderate","High")) | D9: <=4 Low | <=8 Moderate | else High
A10: ='Sample Data'!A8 | B10: ='Sample Data'!J8 | C10: =IF(B10<=4,"Low",IF(B10<=8,"Moderate","High")) | D10: <=4 Low | <=8 Moderate | else High
A11: ='Sample Data'!A9 | B11: ='Sample Data'!J9 | C11: =IF(B11<=4,"Low",IF(B11<=8,"Moderate","High")) | D11: <=4 Low | <=8 Moderate | else High
A12: ='Sample Data'!A10 | B12: ='Sample Data'!J10 | C12: =IF(B12<=4,"Low",IF(B12<=8,"Moderate","High")) | D12: <=4 Low | <=8 Moderate | else High
A13: ='Sample Data'!A11 | B13: ='Sample Data'!J11 | C13: =IF(B13<=4,"Low",IF(B13<=8,"Moderate","High")) | D13: <=4 Low | <=8 Moderate | else High
A14: ='Sample Data'!A12 | B14: ='Sample Data'!J12 | C14: =IF(B14<=4,"Low",IF(B14<=8,"Moderate","High")) | D14: <=4 Low | <=8 Moderate | else High
A15: ='Sample Data'!A13 | B15: ='Sample Data'!J13 | C15: =IF(B15<=4,"Low",IF(B15<=8,"Moderate","High")) | D15: <=4 Low | <=8 Moderate | else High
A16: ='Sample Data'!A14 | B16: ='Sample Data'!J14 | C16: =IF(B16<=4,"Low",IF(B16<=8,"Moderate","High")) | D16: <=4 Low | <=8 Moderate | else High
A17: ='Sample Data'!A15 | B17: ='Sample Data'!J15 | C17: =IF(B17<=4,"Low",IF(B17<=8,"Moderate","High")) | D17: <=4 Low | <=8 Moderate | else High
... A25: ='Sample Data'!A23 | B25: ='Sample Data'!J23 | C25: =IF(B25<=4,"Low",IF(B25<=8,"Moderate","High")) | D25: <=4 Low | <=8 Moderate | else High
A28: Google Sheets also supports IFS: =IFS(B6<=4,"Low",B6<=8,"Moderate",TRUE,"High")
A29: For equal-frequency bins pre-compute quantile cut-points (PERCENTILE) then apply IFS.

Sheet Duplicates
A1: Detecting and counting duplicates
A3: COUNTIF-based duplicate flag on Education + Marital_Status (illustration on sample)
A5: Education | B5: Marital_Status | C5: Combo key | D5: Count of combo | E5: Is Duplicate?
A6: ='Sample Data'!C4 | B6: ='Sample Data'!D4 | C6: =A6&"|"&B6 | D6: =COUNTIF($C$6:$C$25,C6) | E6: =IF(D6>1,"Yes","No")
A7: ='Sample Data'!C5 | B7: ='Sample Data'!D5 | C7: =A7&"|"&B7 | D7: =COUNTIF($C$6:$C$25,C7) | E7: =IF(D7>1,"Yes","No")
A8: ='Sample Data'!C6 | B8: ='Sample Data'!D6 | C8: =A8&"|"&B8 | D8: =COUNTIF($C$6:$C$25,C8) | E8: =IF(D8>1,"Yes","No")
A9: ='Sample Data'!C7 | B9: ='Sample Data'!D7 | C9: =A9&"|"&B9 | D9: =COUNTIF($C$6:$C$25,C9) | E9: =IF(D9>1,"Yes","No")
A10: ='Sample Data'!C8 | B10: ='Sample Data'!D8 | C10: =A10&"|"&B10 | D10: =COUNTIF($C$6:$C$25,C10) | E10: =IF(D10>1,"Yes","No")
A11: ='Sample Data'!C9 | B11: ='Sample Data'!D9 | C11: =A11&"|"&B11 | D11: =COUNTIF($C$6:$C$25,C11) | E11: =IF(D11>1,"Yes","No")
A12: ='Sample Data'!C10 | B12: ='Sample Data'!D10 | C12: =A12&"|"&B12 | D12: =COUNTIF($C$6:$C$25,C12) | E12: =IF(D12>1,"Yes","No")
A13: ='Sample Data'!C11 | B13: ='Sample Data'!D11 | C13: =A13&"|"&B13 | D13: =COUNTIF($C$6:$C$25,C13) | E13: =IF(D13>1,"Yes","No")
A14: ='Sample Data'!C12 | B14: ='Sample Data'!D12 | C14: =A14&"|"&B14 | D14: =COUNTIF($C$6:$C$25,C14) | E14: =IF(D14>1,"Yes","No")
A15: ='Sample Data'!C13 | B15: ='Sample Data'!D13 | C15: =A15&"|"&B15 | D15: =COUNTIF($C$6:$C$25,C15) | E15: =IF(D15>1,"Yes","No")
A16: ='Sample Data'!C14 | B16: ='Sample Data'!D14 | C16: =A16&"|"&B16 | D16: =COUNTIF($C$6:$C$25,C16) | E16: =IF(D16>1,"Yes","No")
A17: ='Sample Data'!C15 | B17: ='Sample Data'!D15 | C17: =A17&"|"&B17 | D17: =COUNTIF($C$6:$C$25,C17) | E17: =IF(D17>1,"Yes","No")
... A25: ='Sample Data'!C23 | B25: ='Sample Data'!D23 | C25: =A25&"|"&B25 | D25: =COUNTIF($C$6:$C$25,C25) | E25: =IF(D25>1,"Yes","No")
A28: Conditional formatting can highlight Yes rows. In Google Sheets: Format → Conditional formatting → Text is exactly "Yes".

Sheet Missing Values
A1: Missing-value detection and simple fill
A3: Income column from sample
A5: Row | B5: Income (raw) | C5: Is Missing? | D5: Filled (median of non-blank) | F5: Sample median (input) | G5: 51844
A6: 0 | B6: ='Sample Data'!E4 | C6: =IF(B6="","Yes","No") | D6: =IF(B6="",$G$5,B6)
A7: 1 | B7: ='Sample Data'!E5 | C7: =IF(B7="","Yes","No") | D7: =IF(B7="",$G$5,B7)
A8: 2 | B8: ='Sample Data'!E6 | C8: =IF(B8="","Yes","No") | D8: =IF(B8="",$G$5,B8)
A9: 3 | B9: ='Sample Data'!E7 | C9: =IF(B9="","Yes","No") | D9: =IF(B9="",$G$5,B9)
A10: 4 | B10: ='Sample Data'!E8 | C10: =IF(B10="","Yes","No") | D10: =IF(B10="",$G$5,B10)
A11: 5 | B11: ='Sample Data'!E9 | C11: =IF(B11="","Yes","No") | D11: =IF(B11="",$G$5,B11)
A12: 6 | B12: ='Sample Data'!E10 | C12: =IF(B12="","Yes","No") | D12: =IF(B12="",$G$5,B12)
A13: 7 | B13: ='Sample Data'!E11 | C13: =IF(B13="","Yes","No") | D13: =IF(B13="",$G$5,B13)
A14: 8 | B14: ='Sample Data'!E12 | C14: =IF(B14="","Yes","No") | D14: =IF(B14="",$G$5,B14)
A15: 9 | B15: ='Sample Data'!E13 | C15: =IF(B15="","Yes","No") | D15: =IF(B15="",$G$5,B15)
A16: 10 | B16: ='Sample Data'!E14 | C16: =IF(B16="","Yes","No") | D16: =IF(B16="",$G$5,B16)
A17: 11 | B17: ='Sample Data'!E15 | C17: =IF(B17="","Yes","No") | D17: =IF(B17="",$G$5,B17)
... A25: 19 | B25: ='Sample Data'!E23 | C25: =IF(B25="","Yes","No") | D25: =IF(B25="",$G$5,B25)
A28: Count of missing in the 20-row sample: =COUNTBLANK(B6:B25)
A29: Full-dataset missing count is 24 (see Python missing_report).

Sheet Merge Demo
A1: Merging two tables (VLOOKUP / XLOOKUP equivalent of pd.merge)
A3: Left table (ID, Year_Birth, Education) | E3: Right table (ID, Marital_Status, Income)
A4: ID | B4: Year_Birth | C4: Education | E4: ID | F4: Marital_Status | G4: Income
A5: 5524 | B5: 1957 | C5: Graduation | E5: 5524 | F5: Single | G5: 58138
A6: 2174 | B6: 1954 | C6: Graduation | E6: 2174 | F6: Single | G6: 46344
A7: 4141 | B7: 1965 | C7: Graduation | E7: 4141 | F7: Together | G7: 71613
A8: 6182 | B8: 1984 | C8: Graduation | E8: 6182 | F8: Together | G8: 26646
A9: 5324 | B9: 1981 | C9: PhD | E9: 5324 | F9: Married | G9: 58293
A10: 1001 | B10: 1947 | C10: Master | E10: 1001 | F10: Divorced | G10: 82443.5
A11: 1002 | B11: 1960 | C11: Graduation | E11: 1002 | F11: Together | G11: 25269.6
A12: 1003 | B12: 1978 | C12: Graduation | E12: 1003 | F12: Together | G12: 63510.2
A13: 1004 | B13: 1997 | C13: 2n Cycle | E13: 1004 | F13: Single | G13: 59437.2
A14: 1005 | B14: 1958 | C14: Graduation | E14: 1005 | F14: Married | G14: 32340.7
A17: Merged result (VLOOKUP)
A18: ID | B18: Year_Birth | C18: Education | D18: Marital_Status | E18: Income
A19: =A5 | B19: =B5 | C19: =C5 | D19: =VLOOKUP(A19,$E$5:$G$14,2,FALSE) | E19: =VLOOKUP(A19,$E$5:$G$14,3,FALSE)
A20: =A6 | B20: =B6 | C20: =C6 | D20: =VLOOKUP(A20,$E$5:$G$14,2,FALSE) | E20: =VLOOKUP(A20,$E$5:$G$14,3,FALSE)
A21: =A7 | B21: =B7 | C21: =C7 | D21: =VLOOKUP(A21,$E$5:$G$14,2,FALSE) | E21: =VLOOKUP(A21,$E$5:$G$14,3,FALSE)
A22: =A8 | B22: =B8 | C22: =C8 | D22: =VLOOKUP(A22,$E$5:$G$14,2,FALSE) | E22: =VLOOKUP(A22,$E$5:$G$14,3,FALSE)
A23: =A9 | B23: =B9 | C23: =C9 | D23: =VLOOKUP(A23,$E$5:$G$14,2,FALSE) | E23: =VLOOKUP(A23,$E$5:$G$14,3,FALSE)
A24: =A10 | B24: =B10 | C24: =C10 | D24: =VLOOKUP(A24,$E$5:$G$14,2,FALSE) | E24: =VLOOKUP(A24,$E$5:$G$14,3,FALSE)
A25: =A11 | B25: =B11 | C25: =C11 | D25: =VLOOKUP(A25,$E$5:$G$14,2,FALSE) | E25: =VLOOKUP(A25,$E$5:$G$14,3,FALSE)
A26: =A12 | B26: =B12 | C26: =C12 | D26: =VLOOKUP(A26,$E$5:$G$14,2,FALSE) | E26: =VLOOKUP(A26,$E$5:$G$14,3,FALSE)
A27: =A13 | B27: =B13 | C27: =C13 | D27: =VLOOKUP(A27,$E$5:$G$14,2,FALSE) | E27: =VLOOKUP(A27,$E$5:$G$14,3,FALSE)
A28: =A14 | B28: =B14 | C28: =C14 | D28: =VLOOKUP(A28,$E$5:$G$14,2,FALSE) | E28: =VLOOKUP(A28,$E$5:$G$14,3,FALSE)
A31: Google Sheets: VLOOKUP works the same; XLOOKUP is also available and more flexible.

Sheet Quick Reference
A1: Python (pandas) to Spreadsheet formula mapping
A3: pandas operation | B3: Spreadsheet equivalent | C3: Notes
A4: df.groupby('col')['val'].mean() | B4: AVERAGEIF(range, criteria, avg_range) | C4: Also AVERAGEIFS for multi-criteria
A5: df.groupby(...).agg(...) | B5: Pivot table / QUERY | C5: Sheets QUERY is powerful
A6: pd.concat([df1, df2], axis=0) | B6: Copy-paste / array literals | C6: Or Apps Script
A7: pd.concat([df1, df2], axis=1) | B7: Side-by-side ranges + INDEX
A8: pd.merge(left, right, on='ID') | B8: VLOOKUP / XLOOKUP / INDEX-MATCH | C8: XLOOKUP preferred when available
A9: df.sort_values('col') | B9: Data → Sort / SORT() function | C9: SORTN for top-N
A10: pd.cut(series, bins, labels) | B10: Nested IF / IFS | C10: Pre-compute edges with PERCENTILE for quantiles
A11: df.drop_duplicates() | B11: UNIQUE() function / Remove duplicates UI | C11: COUNTIF to flag
A12: df.drop(columns=...) | B12: Delete column
A13: df.astype('int') | B13: INT() / VALUE() / Format → Number
A14: series.replace({0: 'no', 1: 'yes'}) | B14: Nested IF / SWITCH / IFS
A15: df.dropna() | B15: Filter out blanks / FILTER()
A16: df.fillna(value) | B16: IF(cell="", value, cell) | C16: Or IFNA / IFERROR
A17: df.isnull().sum() | B17: COUNTBLANK(range)
A20: When to prefer Python
A21: • Datasets larger than a few thousand rows
A22: • Reproducible, version-controlled pipelines
A23: • Complex multi-step cleaning that must be audited
A24: Use the scripts/ and notebooks/ in this project for production work; use this spreadsheet for teaching and quick checks.
