Workbook

Sheet INSTRUCTIONS
A1: Assignment: Human sleep patterns and stress – Part 1 | COMPLETE SOLUTIONS
A3: Background
A4: In order to monitor whether they experience stress during sleep, your friend has been recording some sleep variables using a wearable fitness and health tracker for the past 6 months. However, they have no idea how to interpret the data. That's why they've asked you, their data analyst friend, to help them out. They gave you access to their daily measurements. Your goal is to study the different features and help your friend understand if they are suffering from stress during sleep or not.
A6: Features (every row = one night)
A7: • DATE – Date of the evening (Excel serial / datetime)
A8: • SLEEP SCORE – based on FitBit app
A9: • HOURS OF SLEEP – how many hours spent asleep
A10: • REM SLEEP – % of sleep spent in REM ← focus of this lab
A11: • DEEP SLEEP – % of sleep spent in Deep
A12: • HEART RATE BELOW RESTING – % of heart rate below resting
A13: • SLEEP TIME – Sleep and wake time window
A15: Learning Objectives (Part 1 – Confidence Intervals for a Mean)
... A35: Whenever you collect a moderately large sample of continuous measurements (sleep %, blood pressure, delivery times, etc.) you can form a confidence interval around the sample mean to quantify the uncertainty in your estimate of the population average. A narrower interval (higher n or lower confidence level) gives more precise statements; a wider interval gives higher certainty that the true mean is captured.

Sheet Data
A1: DATE | B1: SLEEP SCORE | C1: HOURS OF SLEEP | D1: REM SLEEP | E1: DEEP SLEEP | F1: HEART RATE BELOW RESTING | G1: SLEEP TIME
A2: 44652 | B2: 90 | C2: 7.37 | D2: 18 | E2: 21 | F2: 98 | G2: 9:49pm - 6:01am
A3: 44653 | B3: 89 | C3: 8.67 | D3: 21 | E3: 21 | F3: 73 | G3: 9:50pm - 7:26am
A4: 44654 | B4: 81 | C4: 8.87 | D4: 21 | E4: 17 | F4: 26 | G4: 11:29pm - 9:54am
A5: 44655 | B5: 83 | C5: 6.83 | D5: 17 | E5: 19 | F5: 99 | G5: 10:12pm - 5:49am
A6: 44656 | B6: 84 | C6: 6.95 | D6: 18 | E6: 21 | F6: 97 | G6: 9:45pm - 5:43am
A7: 44657 | B7: 83 | C7: 7.45 | D7: 17 | E7: 19 | F7: 77 | G7: 9:22pm - 6:14am
A8: 44658 | B8: 87 | C8: 7.95 | D8: 22 | E8: 14 | F8: 68 | G8: 10:05pm - 6:55am
A9: 44659 | B9: 83 | C9: 7.45 | D9: 19 | E9: 18 | F9: 71 | G9: 9:42pm - 6:36am
A10: 44660 | B10: 87 | C10: 8.2 | D10: 19 | E10: 15 | F10: 71 | G10: 11:27pm - 8:36am
A11: 44661 | B11: 83 | C11: 6.95 | D11: 15 | E11: 18 | F11: 96 | G11: 12:53am - 8:39am
A12: 44662 | B12: 88 | C12: 7.65 | D12: 17 | E12: 19 | F12: 98 | G12: 9:35pm - 6:02am
A13: 44663 | B13: 86 | C13: 8 | D13: 20 | E13: 19 | F13: 73 | G13: 9:52pm - 7:10am
... A180: 44530 | B180: 78 | C180: 6.8 | D180: 12 | E180: 13 | F180: 74 | G180: 11:16pm - 7:06am

Sheet Solutions – REM Sleep CI
A1: Exercise 1 – REM Sleep | COMPLETE SOLUTIONS
A3: REM sleep is crucial for cognitive functions like memory consolidation, emotional regulation, and learning, and stress might reduce REM sleep. Normally, REM sleep should account for 20–25 % of a person's sleep time; however, if a person is undergoing significant stress, this may be reduced to 15–20 %. Let's see how your friend is doing!
A5: 1. Sample statistics for REM SLEEP
A7: Statistic | B7: Symbol | C7: Value (live formula) | D7: Google Sheets / Excel formula used | E7: Interpretation
A8: Sample mean | B8: x̄ | C8: =AVERAGE(Data!D:D) -> 19.391061 | D8: AVERAGE(Data!D:D) | E8: Average % of sleep spent in REM across the 179 nights
A9: Sample standard deviation | B9: s | C9: =STDEV(Data!D:D) -> 3.9152724 | D9: STDEV(Data!D:D) (sample; uses n−1) | E9: Spread of the observed REM percentages
A10: Sample size | B10: n | C10: =COUNT(Data!D:D) -> 179 | D10: COUNT(Data!D:D) | E10: Number of complete observations (no missing values)
A12: Note: STDEV (or STDEV.S) computes the sample standard deviation (divisor = n−1). This is the correct choice for a confidence interval. Google Sheets and Excel both support STDEV / STDEV.S.
A14: 2. Confidence intervals for the population mean REM sleep %
A15: Formula: CI = x̄ ± z* · (s / √n) where z* is the critical value from the standard normal distribution
A17: Confidence level | B17: z-score (critical value) | C17: Margin of error z*·s/√n | D17: Lower bound x̄ − ME | E17: Upper bound x̄ + ME | F17: Width of interval
A18: 95 % | B18: 1.96 | C18: =B18*C9/SQRT(C10) -> 0.57357675 | D18: =C8-C18 -> 18.817485 | E18: =C8+C18 -> 19.964638 | F18: =E18-D18 -> 1.1471535
A19: 90 % | B19: 1.645 | C19: =B19*C9/SQRT(C10) -> 0.48139477 | D19: =C8-C19 -> 18.909667 | E19: =C8+C19 -> 19.872456 | F19: =E19-D19 -> 0.96278954
A21: Colour key: Yellow cells = inputs (z critical values you can change). Green cells = live formulas that pull from the sample statistics above (and ultimately from the Data sheet).
A23: 3. Lab checklist – exact cell mapping (original practice-sheet layout)
A24: In the original practice sheet the calculations were placed as follows. The formulas below reproduce those cells exactly (Google Sheets / Excel compatible).
A26: Original cell | B26: Required calculation | C26: Formula (Google Sheets compatible) | D26: Result (live)
A27: C17 | B27: Sample mean of REM | C27: =AVERAGE(Data!D:D) -> 19.391061 | D27: =C8 -> 19.391061
A28: D17 | B28: Sample std. dev. of REM | C28: =STDEV(Data!D:D) -> 3.9152724 | D28: =C9 -> 3.9152724
A29: E17 | B29: Sample size n | C29: =COUNT(Data!D:D) -> 179 | D29: =C10 -> 179
A30: C21 | B30: z for 95 % (verify) | C30: 1.96 | D30: =B18 -> 1.96
A31: D21 | B31: Margin of error 95 % | C31: =1.96*STDEV(Data!D:D)/SQRT(COUNT(Data!D:D)) -> 0.57357675 | D31: =C18 -> 0.57357675
A32: E21 | B32: Lower bound 95 % | C32: =AVERAGE(Data!D:D)-D21 -> 19.391061 | D32: =D18 -> 18.817485
A33: F21 | B33: Upper bound 95 % | C33: =AVERAGE(Data!D:D)+D21 -> 19.391061 | D33: =E18 -> 19.964638
A34: C22 | B34: z for 90 % (verify) | C34: 1.645 | D34: =B19 -> 1.645
A35: D22 | B35: Margin of error 90 % | C35: =1.645*STDEV(Data!D:D)/SQRT(COUNT(Data!D:D)) -> 0.48139477 | D35: =C19 -> 0.48139477
A36: E22 | B36: Lower bound 90 % | C36: =AVERAGE(Data!D:D)-D22 -> 19.391061 | D36: =D19 -> 18.909667
A37: F22 | B37: Upper bound 90 % | C37: =AVERAGE(Data!D:D)+D22 -> 19.391061 | D37: =E19 -> 19.872456
A40: 4. Reflection answers
A42: 8.a. Which is the narrower interval? Why?
A43: The 90 % confidence interval is narrower. Because the confidence level is lower, the critical value z* is smaller (1.645 < 1.96). Consequently the margin of error z*·s/√n is smaller and the interval that must be covered is shorter. There is a fundamental trade-off: higher confidence requires a wider interval.
A45: 8.b. What can you say about the center of the intervals?
A46: Both intervals are centred on exactly the same value – the sample mean x̄ ≈ 19.39 %. Changing the confidence level only changes how far you move left and right from that common centre; the centre itself is independent of the confidence level.
A48: 8.c. Can you be confident that your friend is having issues with their REM sleep? (Is it below 20 %?)
A49: Both the 90 % and the 95 % confidence intervals lie entirely below 20 % (upper bounds ≈ 19.87 % and ≈ 19.96 % respectively). This is suggestive that the true mean REM percentage is below the conventional “healthy” lower threshold of 20 %. However, a formal hypothesis test (which you will learn in the next module) is the proper way to quantify the strength of evidence against the claim that the mean is ≥ 20 %. A confidence interval that excludes 20 % already gives strong practical indication of a problem, but the p-value from a one-sided test will give a precise probability statement.
A51: Visual summary of the two intervals relative to the 20 % threshold
A53: Threshold | B53: 20 % (normal lower bound)
A54: 95 % CI | B54: ≈ [18.82 , 19.96] ← entirely below 20 %
A55: 90 % CI | B55: ≈ [18.91 , 19.87] ← entirely below 20 %
A56: Point estimate | B56: x̄ ≈ 19.39 %

Sheet Code Examples (Python & R)
A1: Code Examples – Reproducing the REM-sleep confidence intervals in Python & R
A3: Python (pandas + numpy / scipy)
A4: import pandas as pd import numpy as np from scipy import stats # optional, for alternative z or t critical values # Load the data (adjust path as needed) df = pd.read_excel("C2M3_PracticeLab_1_Human_sleep_patterns_Part1_SOLUTIONS.xlsx", sheet_name="Data") rem = df["REM SLEEP"].dropna() # Sample statistics n = len(rem) xbar = rem.mean() s = rem.std(ddof=1) # sample SD (n-1) print(f"n = {n}") print(f"x̄ = {xbar:.6f}") print(f"s = {s:.6f}") # Critical values z95 = 1.96 z90 = 1.645 # or: z95 = stats.norm.ppf(0.975) # Margins of error and CIs se = s / np.sqrt(n) me95 = z95 * se me90 = z90 * se ci95 = (xbar - me95, xbar + me95) ci90 = (xbar - me90, xbar + me90) print(f"95% CI: [{ci95[0]:.4f}, {ci95[1]:.4f}] width = {2*me95:.4f}") print(f"90% CI: [{ci90[0]:.4f}, {ci90[1]:.4f}] width = {2*me90:.4f}") # Interpretation helper print("\nBoth intervals lie entirely below 20 % → suggestive of reduced REM.")
A6: R
A7: # Install if needed: install.packages(c("readxl", "dplyr")) library(readxl) library(dplyr) df <- read_excel("C2M3_PracticeLab_1_Human_sleep_patterns_Part1_SOLUTIONS.xlsx", sheet = "Data") rem <- df$`REM SLEEP` %>% na.omit() n <- length(rem) xbar <- mean(rem) s <- sd(rem) # sample SD cat(sprintf("n = %d\nx̄ = %.6f\ns = %.6f\n", n, xbar, s)) z95 <- 1.96 z90 <- 1.645 # or: z95 <- qnorm(0.975) se <- s / sqrt(n) me95 <- z95 * se me90 <- z90 * se ci95 <- c(xbar - me95, xbar + me95) ci90 <- c(xbar - me90, xbar + me90) cat(sprintf("95%% CI: [%.4f, %.4f] width = %.4f\n", ci95[1], ci95[2], 2*me95)) cat(sprintf("90%% CI: [%.4f, %.4f] width = %.4f\n", ci90[1], ci90[2], 2*me90))
A9: Google Sheets one-liners (enter in any empty cell)
A10: Mean: =AVERAGE(Data!D:D) Sample SD: =STDEV(Data!D:D) n: =COUNT(Data!D:D) SE: =STDEV(Data!D:D)/SQRT(COUNT(Data!D:D)) ME 95 %: =1.96*STDEV(Data!D:D)/SQRT(COUNT(Data!D:D)) Lower 95 %: =AVERAGE(Data!D:D)-1.96*STDEV(Data!D:D)/SQRT(COUNT(Data!D:D)) Upper 95 %: =AVERAGE(Data!D:D)+1.96*STDEV(Data!D:D)/SQRT(COUNT(Data!D:D)) (same pattern with 1.645 for 90 %)

Sheet Theory Quick Reference
A1: Confidence Intervals for a Population Mean – Quick Reference
A3: Point estimate
A4: The sample mean x̄ is the best single-number estimate of the unknown population mean μ.
A6: Standard error of the mean
A7: SE = s / √n It quantifies how much the sample mean is expected to vary from sample to sample. Larger n → smaller SE.
A9: z-based confidence interval (large-sample / known-σ approximation)
A10: CI = x̄ ± z* · (s / √n) • z* is the critical value from the standard normal distribution that leaves (1−α)/2 probability in each tail. • Common values: 90 % → z* = 1.645, 95 % → z* = 1.96, 99 % → z* = 2.576.
A12: Interpretation of a 95 % CI
A13: “We are 95 % confident that the interval (L, U) contains the true population mean μ.” This means that if we repeated the whole sampling process many times, about 95 % of the intervals constructed would contain μ.
A15: Width of the interval
A16: Width = 2 · z* · (s / √n) • Higher confidence level → larger z* → wider interval • Larger sample size n → smaller SE → narrower interval • Smaller population SD (or sample s) → narrower interval
A18: Why we used z (not t) in this lab
... A25: • Average sleep duration of a team / class • Mean customer satisfaction score after a product change • Average delivery time for a logistics route • Mean blood-pressure reading over a monitoring period Always report the interval, not only the point estimate, so decision-makers see the uncertainty.
