Workbook

Sheet Dashboard
A1: Getting Ready for Physics Class — Analysis Workbook
A2: Interactive spreadsheet version of the temperature, force, energy & work toolkit. Blue text / yellow cells = editable inputs. All other values are formulas.
A4: CORE RESULTS (Original Parameters)
A5: Metric | B5: Value | C5: Unit | D5: Notes
A6: 100 °F → Celsius | B6: =Temperature!C10 -> 37.777778 | C6: °C | D6: f_to_c(100)
A7: 0 °C → Fahrenheit | B7: =Temperature!C11 -> 32 | C7: °F | D7: c_to_f(0)
A8: Train Force | B8: =Mechanics!B8 -> 226800 | C8: N | D8: get_force(mass, accel)
A9: Bomb Energy | B9: =Mechanics!B14 -> 9e+16 | C9: J | D9: get_energy(1 kg, c=3e8)
A10: Train Work | B10: =Mechanics!B20 -> 22680000 | C10: J | D10: get_work = force × distance
A12: REQUIRED PRINT STATEMENTS
A13: The GE train supplies | B13: =Mechanics!B8 -> 226800 | C13: Newtons of force.
A14: A 1kg bomb supplies | B14: =Mechanics!B14 -> 9e+16 | C14: Joules.
A15: The GE train does | B15: =Mechanics!B20 -> 22680000 | C15: Joules of work over | D15: =Mechanics!B6 -> 100 | E15: meters.
A17: SHEETS OVERVIEW
A18: Dashboard | B18: This page – key results & navigation
A19: Temperature | B19: F ↔ C ↔ K converters with live formulas
A20: Mechanics | B20: Force, Energy, Work (editable train & bomb inputs)
A21: Simulation | B21: Multi-scenario comparison – change parameters freely
A22: Charts Data | B22: Data tables powering the embedded charts
A23: Notes & Formulas | B23: Physics equations and usage guide

Sheet Temperature
A1: Temperature Conversions
A3: INPUTS (edit yellow cells)
A4: Fahrenheit input | B4: 100 | C4: °F
A5: Celsius input | B5: 0 | C5: °C
A6: Kelvin input | B6: 273.15 | C6: K
A8: CONVERSION RESULTS (formulas)
A9: From | B9: To | C9: Result | D9: Formula used
A10: Fahrenheit | B10: Celsius | C10: =(B4-32)*5/9 -> 37.777778 | D10: C = (F − 32) × 5/9
A11: Celsius | B11: Fahrenheit | C11: =B5*(9/5)+32 -> 32 | D11: F = C × (9/5) + 32
A12: Celsius | B12: Kelvin | C12: =B5+273.15 -> 273.15 | D12: K = C + 273.15
A13: Kelvin | B13: Celsius | C13: =B6-273.15 -> 0 | D13: C = K − 273.15
A14: Fahrenheit | B14: Kelvin | C14: =(B4-32)*5/9+273.15 -> 310.92778 | D14: K = (F − 32) × 5/9 + 273.15
A16: QUICK REFERENCE TABLE (common points)
A17: °F | B17: °C | C17: K | D17: Description
A18: -40 | B18: -40 | C18: 233.15 | D18: Same number in F and C
A19: 32 | B19: 0 | C19: 273.15 | D19: Freezing point of water
A20: 68 | B20: 20 | C20: 293.15 | D20: Room temperature approx.
A21: 98.6 | B21: 37 | C21: 310.15 | D21: Body temperature
A22: 212 | B22: 100 | C22: 373.15 | D22: Boiling point of water

Sheet Mechanics
A1: Force, Energy & Work
A3: TRAIN PARAMETERS (edit yellow cells)
A4: train_mass | B4: 22680 | C4: kg
A5: train_acceleration | B5: 10 | C5: m/s²
A6: train_distance | B6: 100 | C6: m
A8: FORCE (F = m × a) | B8: =B4*B5 -> 226800 | C8: N (Newtons)
A10: BOMB / ENERGY PARAMETERS
A11: bomb_mass | B11: 1 | C11: kg
A12: speed of light (c) | B12: 300000000 | C12: m/s
A14: ENERGY (E = m × c²) | B14: =B11*B12^2 -> 9e+16 | C14: J (Joules)
A16: WORK
A17: Work = Force × Distance
A18: (internally uses get_force first)
A20: WORK (W = F × d) | B20: =B8*B6 -> 22680000 | C20: J (Joules)
A22: EXTENDED PRACTICE
A23: velocity (for KE) | B23: 20 | C23: m/s
A24: Kinetic Energy (½mv²) | B24: =0.5*B4*B23^2 -> 4536000 | C24: J
A25: time (for power) | B25: 10 | C25: s
A26: Power (W/t) | B26: =B20/B25 -> 2268000 | C26: W (Watts)
A28: Gravitational constant G | B28: 6.6743e-11 | C28: m³ kg⁻¹ s⁻²
A29: m1 (Earth) | B29: 5.972e+24
A30: m2 (Moon) | B30: 7.348e+22
A31: r (Earth-Moon) | B31: 384400000 | C31: m
A32: Gravitational Force | B32: =B28*B29*B30/B31^2 -> 1.9821107e+20 | C32: N

Sheet Simulation
A1: Interactive Simulation — Change Parameters & Compare Scenarios
A3: INSTRUCTIONS: Edit any yellow cell. Force and Work recalculate automatically via formulas.
A5: Scenario | B5: Mass (kg) | C5: Accel (m/s²) | D5: Distance (m) | E5: Force (N) | F5: Work (J) | G5: Notes
A6: Original GE Train | B6: =Mechanics!B4 -> 22680 | C6: =Mechanics!B5 -> 10 | D6: =Mechanics!B6 -> 100 | E6: =B6*C6 -> 226800 | F6: =E6*D6 -> 22680000 | G6: Linked to Mechanics sheet
A7: Light metro | B7: 5000 | C7: 8 | D7: 80 | E7: =B7*C7 -> 40000 | F7: =E7*D7 -> 3200000 | G7: Urban short-haul
A8: Heavy freight | B8: 40000 | C8: 3 | D8: 150 | E8: =B8*C8 -> 120000 | F8: =E8*D8 -> 18000000 | G8: Long heavy train
A9: High-speed | B9: 18000 | C9: 12 | D9: 120 | E9: =B9*C9 -> 216000 | F9: =E9*D9 -> 25920000 | G9: Faster acceleration
A10: Custom 1 | B10: 15000 | C10: 7 | D10: 90 | E10: =B10*C10 -> 105000 | F10: =E10*D10 -> 9450000 | G10: Edit yellow cells
A11: Custom 2 | B11: 30000 | C11: 5 | D11: 200 | E11: =B11*C11 -> 150000 | F11: =E11*D11 -> 30000000 | G11: Edit yellow cells
A14: SIMULATION SUMMARY
A15: Max Force scenario | B15: =INDEX(A6:A11,MATCH(MAX(E6:E11),E6:E11,0)) -> Original GE Train
A16: Max Work scenario | B16: =INDEX(A6:A11,MATCH(MAX(F6:F11),F6:F11,0)) -> Custom 2
A17: Total Work (all scenarios) | B17: =SUM(F6:F11) -> 109250000 | C17: J

Sheet Charts Data
A1: Data for Charts (auto-updated from Simulation)
A3: Scenario | B3: Force (N) | C3: Work (J)
A4: =Simulation!A6 -> Original GE Train | B4: =Simulation!E6 -> 226800 | C4: =Simulation!F6 -> 22680000
A5: =Simulation!A7 -> Light metro | B5: =Simulation!E7 -> 40000 | C5: =Simulation!F7 -> 3200000
A6: =Simulation!A8 -> Heavy freight | B6: =Simulation!E8 -> 120000 | C6: =Simulation!F8 -> 18000000
A7: =Simulation!A9 -> High-speed | B7: =Simulation!E9 -> 216000 | C7: =Simulation!F9 -> 25920000
A8: =Simulation!A10 -> Custom 1 | B8: =Simulation!E10 -> 105000 | C8: =Simulation!F10 -> 9450000
A9: =Simulation!A11 -> Custom 2 | B9: =Simulation!E11 -> 150000 | C9: =Simulation!F11 -> 30000000
A12: Temperature Curve Data (F → C)
A13: °F | B13: °C
A14: -40 | B14: =(A14-32)*5/9 -> -40
A15: 0 | B15: =(A15-32)*5/9 -> -17.777778
A16: 32 | B16: =(A16-32)*5/9 -> 0
A17: 50 | B17: =(A17-32)*5/9 -> 10
A18: 68 | B18: =(A18-32)*5/9 -> 20
A19: 98.6 | B19: =(A19-32)*5/9 -> 37
A20: 100 | B20: =(A20-32)*5/9 -> 37.777778
A21: 150 | B21: =(A21-32)*5/9 -> 65.555556
A22: 212 | B22: =(A22-32)*5/9 -> 100

Sheet Notes & Formulas
A1: Notes, Physics Equations & Usage Guide
A3: COLOR LEGEND
A4: Yellow cells with blue text | B4: Editable inputs – change these to explore scenarios
A5: Light green cells | B5: Calculated results (formulas) – do not edit
A6: Light green (linked) | B6: Values pulled from another sheet (Simulation ← Mechanics)
A8: CORE PHYSICS EQUATIONS
A9: Fahrenheit → Celsius | B9: C = (F − 32) × 5/9
A10: Celsius → Fahrenheit | B10: F = C × (9/5) + 32
A11: Celsius → Kelvin | B11: K = C + 273.15
A12: Force | B12: F = m × a
A13: Energy (rest) | B13: E = m × c²
A14: Work | B14: W = F × d (or m × a × d)
A15: Kinetic Energy | B15: KE = ½ m v²
A16: Power | B16: P = W / t
A17: Gravitational Force | B17: F = G × m1 × m2 / r²
A19: HOW TO USE THIS WORKBOOK
A20: 1. Start on the Dashboard to see the original Codecademy results.
A21: 2. Go to Mechanics and change train_mass, train_acceleration or train_distance (yellow cells).
A22: 3. Watch Force and Work update automatically.
A23: 4. On Simulation sheet, edit any of the Custom scenarios or the pre-filled ones.
A24: 5. Charts on the Charts Data sheet refresh when you change Simulation values (after recalc).
A25: 6. Temperature sheet lets you convert any F/C/K value live.
A26: 7. All formulas are native Excel – no macros required. Open in Excel, Google Sheets or LibreOffice.
A28: COMPANION FILES
A29: Physics_Class_Practice_Skeleton.ipynb | B29: Practice notebook with TODOs
A30: Physics_Class_Solution.ipynb | B30: Complete solution + alternates + simulation
A31: Physics_Class_1Page_Summary_Report.docx | B31: One-page executive summary
